scene,pair,image1,image2,response
028_16,pair_0001_0003,/data1/nakaue/MAGI-MD/dataset/MVMD/original/mvmd_test_2/028_16/pair/pair_0001_0003/JPEGImages_pair/0001.jpg,/data1/nakaue/MAGI-MD/dataset/MVMD/original/mvmd_test_2/028_16/pair/pair_0001_0003/JPEGImages_pair/0003.jpg,"Mirror: Yes
Location: Hanging from a hook on the white pegboard wall, positioned to the right of the standing lamp and above the laptop.
Evidence: The object is clearly a mirror because it reflects a distorted, colorful pattern (a plaid or checkered fabric) and a dark shape (likely a person's torso or arm) that is not part of the immediate surroundings. The reflection is not a uniform, clear image of the room but rather a warped, abstract representation of objects behind the viewer, which is characteristic of a mirror's function. The object has a distinct, irregularly shaped frame and is suspended by a chain, consistent with a decorative or functional mirror.
Distinction from window/opening: A window or opening would typically show a view of the outside world (sky, trees, buildings) or a different part of the room, with consistent lighting and perspective. This object shows a close-up, distorted reflection of nearby items, which is impossible for a window or opening. The reflection's content is clearly artificial and confined to the immediate vicinity.
Multi-view evidence: Both images are identical, showing the same mirror in the same position. The reflection within the mirror is consistent across both views, confirming its presence and location. The mirror's appearance does not change between the two images, which supports the conclusion that it is a static object being viewed from a fixed perspective."
028_16_5,pair_0001_0002,/data1/nakaue/MAGI-MD/dataset/MVMD/original/mvmd_test_2/028_16_5/pair/pair_0001_0002/JPEGImages_pair/0001.jpg,/data1/nakaue/MAGI-MD/dataset/MVMD/original/mvmd_test_2/028_16_5/pair/pair_0001_0002/JPEGImages_pair/0002.jpg,"Mirror: Yes
Location: Centered horizontally on the white pegboard wall, directly above the laptop's screen and slightly to the right of the vertical price tag.
Evidence: The object is a dark, oval-shaped reflective surface. It clearly shows a distorted reflection of a person's torso and a pinkish-red garment (possibly a skirt or top), which is not visible in any other part of the scene. The reflection is not a window because it does not show a view of the outside environment (like sky, trees, or buildings) but rather a person standing in front of it. The reflection's content is consistent across both images, indicating it is a single, static mirror.
Distinction from window/opening: A window or opening would typically show an external view, such as sky, foliage, or buildings, and would not reflect a person's clothing and body in the way seen here. The reflection is clearly of an object or person in the room, not of the outside world.
Multi-view evidence: Both images are identical, showing the same reflection in the same position. The consistency across the two views confirms the presence of a mirror and rules out the possibility that the reflection is an artifact or a change in viewpoint."
052_8,pair_0001_0003,/data1/nakaue/MAGI-MD/dataset/MVMD/original/mvmd_test_2/052_8/pair/pair_0001_0003/JPEGImages_pair/0001.jpg,/data1/nakaue/MAGI-MD/dataset/MVMD/original/mvmd_test_2/052_8/pair/pair_0001_0003/JPEGImages_pair/0003.jpg,"Mirror: Yes
Location: The vertical, light-wood-framed object on the right side of the image, which appears to be a mirror, is located between the stacked boxes and the white shelving unit in the background.
Evidence: The object on the right reflects the white shelving unit and the metal grid rack in the background, which are positioned behind the mirror. The reflection is clear and shows the same items and their spatial relationship as seen from the viewer's perspective, indicating a reflective surface. The reflection is not distorted or warped in a way that would suggest a window or opening; instead, it shows a direct, undistorted image of the background elements.
Distinction from window/opening: A window or opening would typically show an external view or a different room, and might show light coming from outside or a different direction. Here, the reflection shows the interior of the store, with no external elements or different lighting conditions, which is consistent with a mirror reflecting the immediate surroundings.
Multi-view evidence: Although only one view is provided, the presence of a clear, undistorted reflection of the background elements within the frame of the object strongly suggests it is a mirror. The consistent appearance of the reflected items and their spatial relationship to the viewer's perspective supports this conclusion."
052_8_1,pair_0001_0003,/data1/nakaue/MAGI-MD/dataset/MVMD/original/mvmd_test_2/052_8_1/pair/pair_0001_0003/JPEGImages_pair/0001.jpg,/data1/nakaue/MAGI-MD/dataset/MVMD/original/mvmd_test_2/052_8_1/pair/pair_0001_0003/JPEGImages_pair/0003.jpg,"Mirror: No
Location: Not applicable
Evidence: The image shows a stack of cardboard boxes, with visible text and pricing (""$49.90"") on the top box. The background contains what appears to be a white shelving unit or furniture. There are no reflections, no distorted or duplicated objects, and no visual cues that would indicate a mirror surface. The scene is consistent with a real-world setting, likely a store or warehouse, where such boxes are stored.
Distinction from window/opening: The area to the right of the boxes is a solid, light-colored surface (possibly a wall or furniture panel) with no glass, no frame, and no visible external view. There is no indication of a window or opening, as there are no reflections, no light coming from outside, and no structural features typical of a window.
Multi-view evidence: The two images are identical, showing the same stack of boxes and background. Since there is no variation in perspective or reflection, and no evidence of a mirror surface, the conclusion remains unchanged."
058_5,pair_0021_0025,/data1/nakaue/MAGI-MD/dataset/MVMD/original/mvmd_test_2/058_5/pair/pair_0021_0025/JPEGImages_pair/0021.jpg,/data1/nakaue/MAGI-MD/dataset/MVMD/original/mvmd_test_2/058_5/pair/pair_0021_0025/JPEGImages_pair/0025.jpg,"Mirror: Yes
Location: The large, upright, rectangular mirror is positioned on the right side of the frame, leaning against a white display unit. It is angled slightly inward, and its price tag, ""TYSNES"" for $189.90, is visible on its left edge.
Evidence: The mirror clearly reflects the interior of the store, including a blue wall or panel, a red sign with a truck icon, and other shelving units. The reflection is sharp and detailed, indicating a polished, reflective surface. The mirror's surface also shows a slight distortion due to its angle and curvature, which is characteristic of a mirror. The price tag is physically attached to the mirror's frame, which is a common retail display practice for mirrors.
Distinction from window/opening: The reflection is not of an external environment (like sky or trees) but of the store's interior, which is consistent with a mirror. A window would typically show a view outside, and the reflection would be less detailed and more distorted by weather or glare. The presence of a price tag attached to the frame further confirms it is a retail item, not a window.
Multi-view evidence: In the first image, the mirror's reflection shows a blue panel and a red sign. In the second image, the mirror's reflection has shifted slightly, showing a different part of the store's interior, including a person in the background. This change in reflection between the two views confirms that the mirror is"
058_5_5,pair_0037_0039,/data1/nakaue/MAGI-MD/dataset/MVMD/original/mvmd_test_2/058_5_5/pair/pair_0037_0039/JPEGImages_pair/0037.jpg,/data1/nakaue/MAGI-MD/dataset/MVMD/original/mvmd_test_2/058_5_5/pair/pair_0037_0039/JPEGImages_pair/0039.jpg,"Mirror: Yes
Location: The mirror is positioned upright on a white surface, likely a countertop or display shelf, and is angled slightly toward the viewer. Its frame is thin and metallic, and it reflects the interior of what appears to be a retail store, including signage and shelving.
Evidence: The image clearly shows a reflection within the mirror's surface. The reflection contains distorted, inverted, and perspective-shifted elements of the surrounding environment — such as a red sign with white text and a yellow ""i"" information sign — which are not visible in the direct view outside the mirror. The mirror's surface also shows a distorted reflection of the person holding the camera, confirming it is a reflective surface. The mirror's frame and its angle are consistent across both images, indicating it is a physical object in the scene.
Distinction from window/opening: A window or opening would typically show a view of the outside world or an adjacent room, with natural lighting or a clear line of sight. Here, the reflection is of the interior, and the mirror's frame is visible around the reflective surface, which is characteristic of a mirror, not a window. The reflection is also distorted by the mirror's angle and curvature, which is not typical of a window.
Multi-view evidence: Both images are nearly identical, showing the same mirror from the same angle and position. The consistency across the two views reinforces that the object is a physical mirror, not a digital effect or a window. The reflection content"
106_6,pair_0001_0002,/data1/nakaue/MAGI-MD/dataset/MVMD/original/mvmd_test_2/106_6/pair/pair_0001_0002/JPEGImages_pair/0001.jpg,/data1/nakaue/MAGI-MD/dataset/MVMD/original/mvmd_test_2/106_6/pair/pair_0001_0002/JPEGImages_pair/0002.jpg,"Mirror: Yes
Location: The diamond-shaped, hanging mirror assembly is located in the upper-left quadrant of the image, suspended by chains against the wooden wall. It is positioned directly above the lower, inverted diamond mirror and to the left of the hanging black plant pot.
Evidence: The surface clearly reflects the interior environment, including multiple ceiling spotlights and structural beams, which are visible as distinct, inverted images within the mirror's glass. The reflections are sharp and consistent with a polished, non-frosted surface. The mirror's edges are sharply defined and metallic, and the way the chains hang from its top corners confirms it is a physical object suspended in space, not a window or opening.
Distinction from window/opening: A window or opening would typically show an external view, natural light, or a different perspective of the room, and would not reflect the interior lighting fixtures and beams in such a clear, inverted manner. The presence of price tags and product display elements further indicates this is an indoor retail setting, not a window.
Multi-view evidence: Both images are identical, showing the same mirror assembly, reflections, and surrounding objects. The consistency across the two views reinforces that the mirror is a static, physical object and not an illusion or a window."
106_6_1,pair_0001_0002,/data1/nakaue/MAGI-MD/dataset/MVMD/original/mvmd_test_2/106_6_1/pair/pair_0001_0002/JPEGImages_pair/0001.jpg,/data1/nakaue/MAGI-MD/dataset/MVMD/original/mvmd_test_2/106_6_1/pair/pair_0001_0002/JPEGImages_pair/0002.jpg,"Mirror: Yes
Location: Mounted on a light-colored wooden wall, positioned in the upper-left quadrant of the frame, angled slightly downwards and to the right.
Evidence: The object clearly reflects the ceiling and two overhead lights, which are not visible in the real-world scene outside the mirror's frame. The reflection is sharp and coherent, indicating a smooth, reflective surface. The mirror's frame is visible and consistent with the surrounding wooden planks. The reflection's content (lights and ceiling) is not present in the actual scene, confirming it is a reflection and not a window or opening.
Distinction from window/opening: A window or opening would show a view of the outside or another room, and its edges would typically be framed by a window sill or frame. This object has a distinct, thin metallic frame and reflects artificial lights and ceiling, which is characteristic of a mirror, not a window.
Multi-view evidence: The two images are identical, providing no additional perspective or viewpoint change. However, the consistency of the reflection across both views reinforces the conclusion that it is a mirror. The lack of any change in the reflection or the object's appearance between the two views supports the idea that the scene is static and the object is indeed a mirror."
106_6_2,pair_0002_0004,/data1/nakaue/MAGI-MD/dataset/MVMD/original/mvmd_test_2/106_6_2/pair/pair_0002_0004/JPEGImages_pair/0002.jpg,/data1/nakaue/MAGI-MD/dataset/MVMD/original/mvmd_test_2/106_6_2/pair/pair_0002_0004/JPEGImages_pair/0004.jpg,"Mirror: Yes
Location: The two diamond-shaped, black-framed objects hanging from chains against the wooden wall are mirrors.
Evidence: The surfaces clearly reflect the interior environment — specifically, the ceiling structure with black beams and hanging lights — which is consistent with the properties of a mirror. The reflections are coherent and show the correct perspective and orientation relative to the viewer's position. The slight variations in the reflections between the two images are due to the different viewing angles and the natural movement of the hanging mirrors, not because they are windows or openings.
Distinction from window/opening: There is no glass pane, no frame typical of a window, and no view of an external environment. The surfaces are opaque and reflect the interior, which is characteristic of mirrors, not windows.
Multi-view evidence: Both images show the same two hanging mirrors, and the reflections within them are consistent with each other and with the surrounding environment. The slight differences in the reflected light and angle are attributable to the camera's perspective and the mirrors' slight movement, not to a change in the object type."
106_6_3,pair_0002_0006,/data1/nakaue/MAGI-MD/dataset/MVMD/original/mvmd_test_2/106_6_3/pair/pair_0002_0006/JPEGImages_pair/0002.jpg,/data1/nakaue/MAGI-MD/dataset/MVMD/original/mvmd_test_2/106_6_3/pair/pair_0002_0006/JPEGImages_pair/0006.jpg,"Mirror: Yes
Location: Center of the image, mounted on a light-colored wooden wall, with its frame extending diagonally from the upper left to the lower right.
Evidence: The surface clearly reflects the ceiling lights and overhead fixtures, which are not part of the wall itself. The reflection is sharp and coherent, indicating a smooth, reflective surface. The distorted, angular shape of the reflection corresponds to the mirror's own irregular, geometric frame, which is not a natural feature of the wall. The mirror's surface also shows a slight sheen and reflects ambient light in a way consistent with polished glass.
Distinction from window/opening: A window or opening would typically show a view of an external environment (sky, trees, buildings) or a different interior space, and would have a more uniform, unbroken frame. This surface reflects artificial lighting and internal fixtures, and its shape is defined by the mirror's frame, not by a structural opening.
Multi-view evidence: Both images show the same mirror from a nearly identical viewpoint. The reflection of the ceiling lights and fixtures remains consistent across both views, confirming the presence of a single, fixed reflective surface. The slight shift in perspective between the two images does not alter the fundamental reflective properties or the content of the reflection, reinforcing that it is a mirror and not a window or opening."
bedroom2,pair_0008_0010,/data1/nakaue/MAGI-MD/dataset/MVMD/original/mvmd_test_2/bedroom2/pair/pair_0008_0010/JPEGImages_pair/0008.jpg,/data1/nakaue/MAGI-MD/dataset/MVMD/original/mvmd_test_2/bedroom2/pair/pair_0008_0010/JPEGImages_pair/0010.jpg,"Mirror: No
Location: Not applicable
Evidence: There is no mirror in the scene. The image shows a window with four panes, which is clearly visible on the right wall. The light coming through the window is diffuse and even, consistent with daylight, and there are no reflections or distortions that would indicate a mirror. The view outside the window is not visible, but the window frame and panes are distinct and do not show any reflective properties of a mirror.
Distinction from window/opening: The window is a physical opening with a frame and panes, and it allows light to enter. A mirror would reflect the room's interior or the view outside, which is not present here. The window's appearance is consistent with a real window, not a mirror.
Multi-view evidence: Both images are identical and show the same scene from the same viewpoint. Since there is no mirror in either image, there is no multi-view evidence to consider. The consistency across both views reinforces the absence of any reflective surface."
bedroom2_1,pair_0007_0009,/data1/nakaue/MAGI-MD/dataset/MVMD/original/mvmd_test_2/bedroom2_1/pair/pair_0007_0009/JPEGImages_pair/0007.jpg,/data1/nakaue/MAGI-MD/dataset/MVMD/original/mvmd_test_2/bedroom2_1/pair/pair_0007_0009/JPEGImages_pair/0009.jpg,"Mirror: No
Location: Not applicable
Evidence: The scene is a single, consistent view of an office desk. There are no reflections visible on any surface that would indicate a mirror. The objects on the desk, the wall art, and the potted plant all appear in their correct spatial orientation relative to the camera and each other, without any flipped or mirrored distortions. The lighting and shadows are consistent with a single light source and do not show the characteristic reflections or double images that would suggest a mirror. The region that might appear to be a mirror is actually the wall behind the desk, which is a solid, painted surface.
Distinction from window/opening: The wall behind the desk is a solid, painted surface with framed artwork mounted on it. There are no glass panes, frames, or external light sources visible that would indicate a window or opening. The lack of any external view or light penetration confirms it is not a window.
Multi-view evidence: Since there is only one view provided, there is no multi-view evidence to compare. The scene is presented as a single, static image, and no changes in perspective or reflection are observable that would suggest a mirror is present."
bedroom2_2,pair_0007_0008,/data1/nakaue/MAGI-MD/dataset/MVMD/original/mvmd_test_2/bedroom2_2/pair/pair_0007_0008/JPEGImages_pair/0007.jpg,/data1/nakaue/MAGI-MD/dataset/MVMD/original/mvmd_test_2/bedroom2_2/pair/pair_0007_0008/JPEGImages_pair/0008.jpg,"Mirror: No
Location: Not applicable
Evidence: The scene in both images is identical and shows a solid, unreflective brown door. There are no visual cues such as reflections, distorted perspectives, or changes in lighting or texture that would indicate the presence of a mirror. The door appears as a flat, opaque surface, and the surrounding wall and artwork are consistent across both views without any signs of a reflective surface.
Distinction from window/opening: There is no window or opening visible in the scene. The door is solid and closed, and the wall behind it is continuous with no gaps or transparent areas. The lack of any reflective surface rules out the possibility of a mirror being mistaken for a window or opening.
Multi-view evidence: Since both images are identical, they provide no additional information to suggest a mirror. The consistency across the two views reinforces the conclusion that the door is a solid object and no mirror is present."
diningroom4,pair_10001_10002,/data1/nakaue/MAGI-MD/dataset/MVMD/original/mvmd_test_2/diningroom4/pair/pair_10001_10002/JPEGImages_pair/10001.jpg,/data1/nakaue/MAGI-MD/dataset/MVMD/original/mvmd_test_2/diningroom4/pair/pair_10001_10002/JPEGImages_pair/10002.jpg,"Mirror: No
Location: Not applicable
Evidence: The image shows a modern interior with a sofa, coffee tables, and a background wall with a built-in shelf and a laptop on a counter. There is no reflective surface visible that would indicate a mirror. The background wall appears to be a solid, non-reflective surface, and no reflections of objects or the room are visible on any surface. The area behind the counter does not show any signs of a mirror, such as a reflection of the room or distorted light.
Distinction from window/opening: The background area behind the counter is a solid wall with no visible glass, frames, or external views that would suggest a window or opening. The lighting and texture are consistent with an interior wall, not a window.
Multi-view evidence: Since there is only one view provided, there is no multi-view evidence to compare. The absence of any reflective surface in this single view confirms the lack of a mirror."
diningroom4_1,pair_10072_10074,/data1/nakaue/MAGI-MD/dataset/MVMD/original/mvmd_test_2/diningroom4_1/pair/pair_10072_10074/JPEGImages_pair/10072.jpg,/data1/nakaue/MAGI-MD/dataset/MVMD/original/mvmd_test_2/diningroom4_1/pair/pair_10072_10074/JPEGImages_pair/10074.jpg,"Mirror: Yes
Location: On the left side of the image, leaning against the low, round, grey coffee table, the object is a rectangular, upright, reflective surface with a light-colored wooden or plastic frame.
Evidence: The object clearly reflects its surroundings — specifically, the floor, the legs of the coffee table, and the background elements — which is characteristic of a mirror. The reflection is sharp and coherent, not distorted or diffused as it would be with a window or opening. The object's upright, framed shape and its placement suggest it is a decorative mirror, not a functional window.
Distinction from window/opening: A window or opening would typically show a view of the outside or a different room, and would not reflect the interior elements in such a clear, contained manner. This object’s reflection is of the interior, and its frame and orientation are consistent with a mirror.
Multi-view evidence: The same object is visible in both images, appearing in the same position and orientation relative to the coffee table and the surrounding furniture. The reflection on its surface remains consistent across both views, confirming it is a static mirror and not a window or opening."
diningroom4_2,pair_10001_10002,/data1/nakaue/MAGI-MD/dataset/MVMD/original/mvmd_test_2/diningroom4_2/pair/pair_10001_10002/JPEGImages_pair/10001.jpg,/data1/nakaue/MAGI-MD/dataset/MVMD/original/mvmd_test_2/diningroom4_2/pair/pair_10001_10002/JPEGImages_pair/10002.jpg,"Mirror: Yes
Location: The vertical, reflective surface located directly behind the white counter, centered between the dark shelving unit and the right side of the frame.
Evidence: The surface clearly reflects a portion of the room behind the counter, including what appears to be a dark-colored chair or table and a light-colored wall or ceiling. The reflection is not distorted or warped, and the edges of the reflected objects align with the physical objects in the room, indicating a flat, reflective surface. The reflection is also consistent across both images, showing no change in perspective or content, which is expected for a mirror.
Distinction from window/opening: The surface is not a window because it does not show an external view, natural light, or a clear horizon line. It is not an opening because it is framed by the white counter and the wall, and it reflects interior elements rather than revealing a space beyond. The reflection is clearly of the room's interior, not an external environment.
Multi-view evidence: Both images show the same scene from nearly identical viewpoints, and the mirror's reflection remains consistent in both, confirming its presence and location. The reflection's content and clarity are unchanged, which supports the conclusion that it is a mirror and not a window or opening."
diningroom4_2_1,pair_10158_10160,/data1/nakaue/MAGI-MD/dataset/MVMD/original/mvmd_test_2/diningroom4_2_1/pair/pair_10158_10160/JPEGImages_pair/10158.jpg,/data1/nakaue/MAGI-MD/dataset/MVMD/original/mvmd_test_2/diningroom4_2_1/pair/pair_10158_10160/JPEGImages_pair/10160.jpg,"Mirror: Yes
Location: The vertical surface in the background, directly behind the white countertop and between the two black chairs, which reflects the dining area.
Evidence: The surface shows a clear, undistorted reflection of the dining table and chairs from the opposite side of the room. The reflection is consistent with a mirror's properties: it shows a reversed image (left-right flipped) of the scene, and the reflected objects maintain their proportions and perspective relative to the mirror's plane. The reflection is not distorted or warped, which rules out a curved surface. The reflection is also not a window because there is no visible external environment (sky, trees, etc.) or light source from outside; instead, it reflects the interior of the same room.
Distinction from window/opening: A window would typically show an external view, and the light coming through would be different (e.g., natural daylight, different color temperature). An opening would show a void or another room, not a reflected image of the same room. Here, the surface is reflecting the interior, which is characteristic of a mirror.
Multi-view evidence: Both images are identical, showing the same reflection in the same position. The consistency across the two views confirms that the surface is a mirror and not a window or opening, as there is no variation in the reflected image or the surrounding context that would suggest a different viewpoint or a change in the environment."
diningroom4_4,pair_10009_10010,/data1/nakaue/MAGI-MD/dataset/MVMD/original/mvmd_test_2/diningroom4_4/pair/pair_10009_10010/JPEGImages_pair/10009.jpg,/data1/nakaue/MAGI-MD/dataset/MVMD/original/mvmd_test_2/diningroom4_4/pair/pair_10009_10010/JPEGImages_pair/10010.jpg,"Mirror: Yes
Location: On the left wall, behind the white desk, reflecting a portion of the room including a floor lamp and a sink area.
Evidence: The surface on the left wall is highly reflective, showing a clear, albeit slightly distorted, image of a floor lamp and what appears to be a sink and countertop from another part of the room. The reflection is consistent with the lighting and perspective of the scene, indicating it is a mirror, not a window. The reflection is not a direct view of the outside world but rather a reflection of the interior space, which is characteristic of a mirror.
Distinction from window/opening: A window would typically show an external view (sky, trees, buildings) and would have a different light quality and perspective. This surface shows an internal reflection of objects within the same room, which is not possible with a window or opening.
Multi-view evidence: Both images show the same scene from the same viewpoint, and the mirror's reflection remains consistent across both views, confirming its presence and location. The reflection is not altered or obscured in either image, supporting the conclusion that it is a fixed mirror."
diningroom4_4_1,pair_10123_10124,/data1/nakaue/MAGI-MD/dataset/MVMD/original/mvmd_test_2/diningroom4_4_1/pair/pair_10123_10124/JPEGImages_pair/10123.jpg,/data1/nakaue/MAGI-MD/dataset/MVMD/original/mvmd_test_2/diningroom4_4_1/pair/pair_10123_10124/JPEGImages_pair/10124.jpg,"Mirror: No
Location: Not applicable
Evidence: The object in question is a framed, rectangular structure with a visible internal grid of shelves, containing small items. It does not show any reflective properties such as distorted or inverted reflections of the room, nor does it reflect light in a way that would indicate a mirror surface. The object appears to be a decorative shelving unit or a framed display case, not a mirror.
Distinction from window/opening: The object is not an opening or window because it is a solid, framed structure with internal compartments, and it is positioned on the floor, not mounted on a wall or ceiling. It does not have the characteristic transparency or light transmission of a window.
Multi-view evidence: Since both images are identical, they provide no additional evidence to support the presence of a mirror. The object's appearance remains consistent across both views, reinforcing that it is a non-reflective, solid object."
diningroom4_6,pair_10080_10081,/data1/nakaue/MAGI-MD/dataset/MVMD/original/mvmd_test_2/diningroom4_6/pair/pair_10080_10081/JPEGImages_pair/10080.jpg,/data1/nakaue/MAGI-MD/dataset/MVMD/original/mvmd_test_2/diningroom4_6/pair/pair_10080_10081/JPEGImages_pair/10081.jpg,"Mirror: Yes
Location: On a small, light-colored stand, positioned on the left side of the image, resting on a circular white table in the background.
Evidence: The object clearly displays a reflection of its surroundings — specifically, it reflects a tall, slender structure (likely a lamp or decorative pole) and the ceiling above it. The reflection is sharp and well-defined, indicating a smooth, reflective surface. The object's frame and stand are visible, and the reflection is not distorted by the object's shape, which is consistent with a mirror. The reflection is not a simple window view because it captures a specific, close-up scene (the lamp and ceiling) rather than a wide, external view.
Distinction from window/opening: A window would typically show an external scene (sky, trees, buildings) and would have a visible frame or glass edge. This object is mounted on a stand and reflects an interior object, which is characteristic of a mirror. The reflection is also confined to the object's surface, not extending beyond it as a window would.
Multi-view evidence: Both images are nearly identical, showing the same laptop and background. The mirror's reflection remains consistent across both views, confirming its presence and location. The slight variation in perspective does not alter the fact that the object is a mirror reflecting the same interior elements."
diningroom5,pair_10002_10004,/data1/nakaue/MAGI-MD/dataset/MVMD/original/mvmd_test_2/diningroom5/pair/pair_10002_10004/JPEGImages_pair/10002.jpg,/data1/nakaue/MAGI-MD/dataset/MVMD/original/mvmd_test_2/diningroom5/pair/pair_10002_10004/JPEGImages_pair/10004.jpg,"Mirror: No
Location: Not applicable
Evidence: The image does not contain any reflective surface that would indicate the presence of a mirror. The walls and surfaces shown are matte and non-reflective, and there are no visible reflections of objects or light sources that would suggest a mirror is present. The scene appears to be a direct view of a room interior without any reflective elements.
Distinction from window/opening: Not applicable, as there is no window or opening in the scene that could be mistaken for a mirror.
Multi-view evidence: Since there is no mirror, there is no multi-view evidence to consider. The single view provided confirms the absence of any mirror-like features."
diningroom5_1,pair_10018_10020,/data1/nakaue/MAGI-MD/dataset/MVMD/original/mvmd_test_2/diningroom5_1/pair/pair_10018_10020/JPEGImages_pair/10018.jpg,/data1/nakaue/MAGI-MD/dataset/MVMD/original/mvmd_test_2/diningroom5_1/pair/pair_10018_10020/JPEGImages_pair/10020.jpg,"Mirror: Yes
Location: The reflective surface is located in the background, centered behind the white cabinet, and appears to be a vertical mirror mounted on the wall.
Evidence: The surface clearly reflects the opposite side of the room, including a black chair and a white countertop with items on it. The reflection is sharp and undistorted, which is characteristic of a mirror. The reflection also shows the same floor tiles as the foreground, confirming it is a reflection rather than a view through an opening. The reflection is not a window because there is no visible external scene or sky, and the reflection is perfectly aligned with the room's interior geometry.
Distinction from window/opening: A window would typically show an external view (sky, trees, buildings) and might have a frame or be partially obscured by curtains. This surface shows a clear, undistorted reflection of the interior, with no external elements visible, and its placement and function are consistent with a mirror.
Multi-view evidence: Both images show the same scene from slightly different angles, but the mirror's reflection remains consistent in both views. The reflection of the black chair and the white countertop is visible in both images, confirming the mirror's presence and location. The slight change in viewpoint does not alter the mirror's reflective properties or the content of the reflection."
diningroom5_2,pair_10010_10011,/data1/nakaue/MAGI-MD/dataset/MVMD/original/mvmd_test_2/diningroom5_2/pair/pair_10010_10011/JPEGImages_pair/10010.jpg,/data1/nakaue/MAGI-MD/dataset/MVMD/original/mvmd_test_2/diningroom5_2/pair/pair_10010_10011/JPEGImages_pair/10011.jpg,"Mirror: Yes
Location: The reflective surface is the large, vertical, light-colored panel on the left side of the image, which is positioned directly adjacent to the white wardrobe doors on the right. This panel is the leftmost vertical surface in the frame, appearing as a wall or door that is partially obscuring the view into the room.
Evidence: The image shows a clear reflection of the interior space (a desk, chair, and wall-mounted unit) on the left panel. The reflection is not a simple window or opening because it shows a distorted, inverted, and compressed view of the room, which is characteristic of a mirror. The reflection is also slightly warped and has a different perspective than the actual room, indicating it is a reflective surface rather than a transparent one. The reflection is visible on the left panel, and the panel itself is not transparent or open to the room.
Distinction from window/opening: A window or opening would allow direct, unobstructed viewing of the room behind it, with consistent perspective and lighting. Here, the left panel acts as a barrier, and the view into the room is only visible through its reflection, which is a hallmark of a mirror. The reflection is not a direct view but a mirrored image, confirming it is not a window or opening.
Multi-view evidence: The two images are identical, showing the same scene from the same viewpoint. The presence of the mirror is confirmed by the consistent reflection in both images. The reflection is not"
diningroom5_4,pair_10034_10035,/data1/nakaue/MAGI-MD/dataset/MVMD/original/mvmd_test_2/diningroom5_4/pair/pair_10034_10035/JPEGImages_pair/10034.jpg,/data1/nakaue/MAGI-MD/dataset/MVMD/original/mvmd_test_2/diningroom5_4/pair/pair_10034_10035/JPEGImages_pair/10035.jpg,"Mirror: Yes
Location: On the left side of the image, vertically aligned with the top-left corner, showing a reflection of a desk and a floor lamp.
Evidence: The surface on the left clearly reflects a distinct scene: a white desk, a black chair leg, and a tall, thin floor lamp with a curved arm. The reflection is sharp and shows perspective distortion consistent with a flat, angled surface. The reflection also shows a different floor texture and a glimpse of a curtain or wall in the background, which are not visible in the actual room. The surface itself is smooth and non-reflective in the areas not showing the reflection, which is typical of a mirror.
Distinction from window/opening: A window would typically show an external view (sky, trees, buildings) and would have a frame or be transparent. This surface is opaque and reflects an interior object (a floor lamp) that is not visible in the actual room, which is characteristic of a mirror. The reflection is not a view of the outside world but of an object within the same room.
Multi-view evidence: Both images show the same mirror surface, with the same reflection of the desk and floor lamp. The slight shift in viewpoint between the two images confirms the mirror's position and the consistency of the reflected scene, reinforcing that it is a single, fixed mirror rather than a window or opening."
room3,pair_0000_0001,/data1/nakaue/MAGI-MD/dataset/MVMD/original/mvmd_test_2/room3/pair/pair_0000_0001/JPEGImages_pair/0000.jpg,/data1/nakaue/MAGI-MD/dataset/MVMD/original/mvmd_test_2/room3/pair/pair_0000_0001/JPEGImages_pair/0001.jpg,"Mirror: Yes
Location: Attached to the back of the wooden shelf unit, positioned between the top and middle shelves.
Evidence: The mirror is visible as a vertical, reflective surface on the rear of the shelf. It reflects the dark, rectangular objects (likely media cases or books) placed on the shelf's top shelf, showing a clear, inverted image of them. The reflection is sharp and consistent with a mirror's properties, not a window or opening which would show external light or scenery.
Distinction from window/opening: A window or opening would show a view of the outside or another room, with natural light or scenery, and would not reflect objects placed on the shelf in such a clear, inverted manner. The surface is opaque and reflects the objects in front of it, which is characteristic of a mirror.
Multi-view evidence: The same mirror is visible in both provided images, appearing in the same position and showing the same reflection, confirming its presence and location across the two views."
room3_1,pair_0008_0009,/data1/nakaue/MAGI-MD/dataset/MVMD/original/mvmd_test_2/room3_1/pair/pair_0008_0009/JPEGImages_pair/0008.jpg,/data1/nakaue/MAGI-MD/dataset/MVMD/original/mvmd_test_2/room3_1/pair/pair_0008_0009/JPEGImages_pair/0009.jpg,"Mirror: Yes
Location: On the left side of the image, mounted on the wall, to the right of a wooden shelving unit.
Evidence: The object has a distinct rectangular reflective surface that clearly shows a distorted reflection of the room's interior, including the shelving unit and the items on it. The reflection is not a uniform, flat surface like a window, but rather shows the spatial arrangement of objects, indicating a mirror. The reflection is also slightly warped, which is characteristic of a mirror mounted at an angle.
Distinction from window/opening: A window or opening would typically show external scenery, light patterns from outside, or a clear view through to another space. This object shows a reflection of the interior, which is consistent with a mirror, not a window.
Multi-view evidence: Both images are identical, showing the same scene from the same viewpoint. The presence of the mirror is consistent across both views, and no changes in its appearance or reflection are visible, which supports its existence as a static object in the scene."
room3_2,pair_0000_0002,/data1/nakaue/MAGI-MD/dataset/MVMD/original/mvmd_test_2/room3_2/pair/pair_0000_0002/JPEGImages_pair/0000.jpg,/data1/nakaue/MAGI-MD/dataset/MVMD/original/mvmd_test_2/room3_2/pair/pair_0000_0002/JPEGImages_pair/0002.jpg,"Mirror: Yes
Location: On the right side of the wooden shelf, mounted on the wall, reflecting a dark, cluttered area with vertical supports.
Evidence: The surface shows clear, albeit distorted, reflections of objects (dark shapes, possibly books or files) and vertical supports, indicating a reflective surface. The reflection is not a uniform, transparent view of the outside world but rather a distorted image of objects placed in front of it, which is characteristic of a mirror. The reflection is also slightly warped, consistent with the curvature or angle of a mirror surface.
Distinction from window/opening: A window or opening would typically show a view of the outside (sky, trees, buildings) or an adjacent room, with natural lighting and depth cues. Here, the reflection is of artificial, cluttered objects, and the lighting is consistent with indoor illumination, not external light. The reflection does not show a clear horizon or external environment.
Multi-view evidence: Both images are identical, showing the same scene from the same viewpoint. The consistency across views reinforces that the reflective surface is a mirror, as there are no changes in the reflection or viewpoint that would suggest a different type of surface or a change in the environment."
room3_3,pair_0009_0011,/data1/nakaue/MAGI-MD/dataset/MVMD/original/mvmd_test_2/room3_3/pair/pair_0009_0011/JPEGImages_pair/0009.jpg,/data1/nakaue/MAGI-MD/dataset/MVMD/original/mvmd_test_2/room3_3/pair/pair_0009_0011/JPEGImages_pair/0011.jpg,"Mirror: Yes
Location: On the back wall, centered between the wooden shelf unit and the wooden chest of drawers.
Evidence: The region shows a clear reflection of the wooden shelf unit and the chest of drawers, indicating a reflective surface. The reflection is not distorted or warped, and the reflected objects maintain their correct proportions and orientation relative to the viewer's perspective. The surface appears to be a flat, vertical plane, consistent with a mirror.
Distinction from window/opening: Unlike a window or opening, this surface does not show any external light, sky, or scenery. It reflects the interior objects, which is characteristic of a mirror. A window would typically show a view of the outside world, even if it were dark or obscured.
Multi-view evidence: Both images are identical, showing the same scene from the same viewpoint. The consistency across the two views reinforces that the reflective surface is a mirror, as there are no changes in the reflection or the perspective that would suggest a different viewpoint or a non-reflective surface."
room5,pair_0000_0002,/data1/nakaue/MAGI-MD/dataset/MVMD/original/mvmd_test_2/room5/pair/pair_0000_0002/JPEGImages_pair/0000.jpg,/data1/nakaue/MAGI-MD/dataset/MVMD/original/mvmd_test_2/room5/pair/pair_0000_0002/JPEGImages_pair/0002.jpg,"Mirror: Yes
Location: On the left wall, centered horizontally and positioned at approximately mid-height.
Evidence: The image clearly shows a reflective surface on the left wall. It reflects a wooden counter and two red objects on it, as well as the wooden shelving unit to the right. The reflection is not a direct, unobstructed view of the outside world but rather an image of objects within the same room, which is characteristic of a mirror. The reflection is also slightly distorted and warped, which is typical of a mirror's surface, especially if it is not perfectly flat or is viewed at an angle. The reflection's content (the counter and shelving) is consistent with the objects visible in the room, confirming it is reflecting the interior rather than showing an external scene.
Distinction from window/opening: A window or opening would typically show an external view (sky, trees, buildings) or at least a different lighting condition and depth of field. Here, the reflection shows interior elements that are physically present in the room, and the lighting and perspective are consistent with a mirror reflecting the room's contents. The reflection does not show a view of the outside world.
Multi-view evidence: The two images are identical, so there is no change in viewpoint or appearance between them. However, the presence of the reflection in both images confirms that the surface is consistently acting as a mirror. The lack of any change in the reflection's content or perspective between the two views supports the conclusion that"
room5_3,pair_0000_0001,/data1/nakaue/MAGI-MD/dataset/MVMD/original/mvmd_test_2/room5_3/pair/pair_0000_0001/JPEGImages_pair/0000.jpg,/data1/nakaue/MAGI-MD/dataset/MVMD/original/mvmd_test_2/room5_3/pair/pair_0000_0001/JPEGImages_pair/0001.jpg,"Mirror: No
Location: Not applicable
Evidence: The two images are identical, showing no reflection, no change in viewpoint, and no visual artifacts that would indicate a mirror. The scene depicted is a static, unchanging view of a wooden structure behind a wall or partition, with no signs of a reflective surface.
Distinction from window/opening: The region is consistent with a physical opening or gap in a wall, as the perspective and lighting are uniform across both images, and there are no reflections or distortions that would suggest a mirror. The view is direct and unobstructed by a reflective surface.
Multi-view evidence: Since the two images are identical, there is no multi-view evidence to suggest a mirror. The lack of any variation between the views supports the conclusion that there is no mirror present."
room5_4,pair_0000_0002,/data1/nakaue/MAGI-MD/dataset/MVMD/original/mvmd_test_2/room5_4/pair/pair_0000_0002/JPEGImages_pair/0000.jpg,/data1/nakaue/MAGI-MD/dataset/MVMD/original/mvmd_test_2/room5_4/pair/pair_0000_0002/JPEGImages_pair/0002.jpg,"Mirror: No
Location: Not applicable
Evidence: The two images are identical, showing no change in perspective, lighting, or reflection. There is no visual evidence of a mirror's presence, such as a reflection of the environment or a change in the scene when viewed from different angles. The visible structure is a fixed, solid wooden shelving unit with consistent geometry and lighting across both views.
Distinction from window/opening: The region appears to be a solid wooden structure, not a window or opening, as there is no glass, no visible frame, and no indication of a view to the outside or another room. The dark areas are simply the background or void behind the shelves, not a reflective surface.
Multi-view evidence: Since the two images are identical, there is no multi-view evidence to suggest a mirror. The lack of any change between the views confirms the absence of a reflective surface."
room5_5,pair_0000_0002,/data1/nakaue/MAGI-MD/dataset/MVMD/original/mvmd_test_2/room5_5/pair/pair_0000_0002/JPEGImages_pair/0000.jpg,/data1/nakaue/MAGI-MD/dataset/MVMD/original/mvmd_test_2/room5_5/pair/pair_0000_0002/JPEGImages_pair/0002.jpg,"Mirror: No
Location: Not applicable
Evidence: The scene shows a consistent, unbroken view of wooden shelves and a floor with striped patterns. There are no visual artifacts such as reversed or distorted reflections, multiple identical objects, or warped geometry that would indicate a mirror. The lighting and shadows are consistent across both views, and the perspective remains unchanged, suggesting a single viewpoint looking at a physical structure, not a reflection.
Distinction from window/opening: The dark vertical regions behind the shelves appear to be solid, non-reflective surfaces or openings to another space, not glass. There is no glare, reflection, or transparency that would suggest a window. The edges are clean and the scene is rendered as a solid environment.
Multi-view evidence: Since both images are identical, they provide no additional information to suggest a mirror. The lack of any change in perspective, reflection, or distortion across the two views confirms the absence of a mirror."
